<?xml version="1.0" encoding="UTF-8"?>
<project-private xmlns="http://www.netbeans.org/ns/project-private/1">
    <editor-bookmarks xmlns="http://www.netbeans.org/ns/editor-bookmarks/2" lastBookmarkId="0"/>
    <open-files xmlns="http://www.netbeans.org/ns/projectui-open-files/2">
        <group>
            <file>file:/C:/Users/ahmed/OneDrive/Desktop/Final%20Java%20Build/src/crs/assignment/LoginPage.java</file>
            <file>file:/C:/Users/ahmed/OneDrive/Desktop/Final%20Java%20Build/src/crs/assignment/AuthenticationService.java</file>
            <file>file:/C:/Users/ahmed/OneDrive/Desktop/Final%20Java%20Build/src/crs/assignment/AcademicOfficerDash.java</file>
            <file>file:/C:/Users/ahmed/OneDrive/Desktop/Final%20Java%20Build/src/crs/assignment/CourseAdminDash.java</file>
            <file>file:/C:/Users/ahmed/OneDrive/Desktop/Final%20Java%20Build/src/crs/assignment/Academic.java</file>
            <file>file:/C:/Users/ahmed/OneDrive/Desktop/Final%20Java%20Build/src/crs/assignment/EmailNotification.java</file>
            <file>file:/C:/Users/ahmed/OneDrive/Desktop/Final%20Java%20Build/src/crs/assignment/AcademicFileHandler.java</file>
            <file>file:/C:/Users/ahmed/OneDrive/Desktop/Final%20Java%20Build/src/crs/assignment/AddUpdateStudentPanel.java</file>
        </group>
    </open-files>
</project-private>
